﻿<parameters>
  <parameter name="IIS Web Application Name" defaultValue="EIPM" tags="IisApp">
    <parameterEntry kind="ProviderPath" scope="IisApp" match="^D:\\GitCodingZone\\EIPM-ECommerce-WebsiteV2\\EIPM-ECommerce-Website\\EIPM-ECommerce-Website\\obj\\Release\\Package\\PackageTmp$" />
    <parameterEntry kind="ProviderPath" scope="setAcl" match="^D:\\GitCodingZone\\EIPM-ECommerce-WebsiteV2\\EIPM-ECommerce-Website\\EIPM-ECommerce-Website\\obj\\Release\\Package\\PackageTmp$" />
  </parameter>
  <parameter name="Add write permission to App_Data Folder" description="Add write permission to App_Data folder" defaultValue="{IIS Web Application Name}/App_Data" tags="Hidden">
    <parameterEntry kind="ProviderPath" scope="setAcl" match="^D:\\GitCodingZone\\EIPM-ECommerce-WebsiteV2\\EIPM-ECommerce-Website\\EIPM-ECommerce-Website\\obj\\Release\\Package\\PackageTmp\\App_Data$" />
  </parameter>
  <parameter name="EIPMDBEntities-Web.config Connection String" description="EIPMDBEntities Connection String used in web.config by the application to access the database." defaultValue="metadata=res://*/Models.EIPMDBModel.csdl|res://*/Models.EIPMDBModel.ssdl|res://*/Models.EIPMDBModel.msl;provider=System.Data.SqlClient;provider connection string=&quot;data source=(LocalDB)\MSSQLLocalDB;attachdbfilename=|DataDirectory|\EIPMDB.mdf;integrated security=True;MultipleActiveResultSets=True;App=EntityFramework&quot;" tags="SqlConnectionString">
    <parameterEntry kind="XmlFile" scope="D:\\GitCodingZone\\EIPM-ECommerce-WebsiteV2\\EIPM-ECommerce-Website\\EIPM-ECommerce-Website\\obj\\Release\\Package\\PackageTmp\\Web\.config$" match="/configuration/connectionStrings/add[@name='EIPMDBEntities']/@connectionString" />
  </parameter>
</parameters>